No,Content Id,Description,Sub Category,Category,Vendor,Category
1215,1735398,Iliyaneri Horata,Sharanu Ganesh,Devotional,Lahari Recording Company,Full Length Songs
1216,1735396,Ee Jaga Jeevana,Sri Ganesh Bhakthi Geethegalu,Devotional,Lahari Recording Company,Full Length Songs
1217,1735394,Sri Krishnana Apavaada,Sharanu Ganesh,Devotional,Lahari Recording Company,Full Length Songs
1218,1735392,Nambi Namo Namo,Gowri Ganesha Geethamala,Devotional,Lahari Recording Company,Full Length Songs
1219,1735391,Ede Maneye,Sri Ganesh Bhakthi Geethegalu,Devotional,Lahari Recording Company,Full Length Songs
1220,1735390,Ganapathiya Naamadhare,Sharanu Ganesh,Devotional,Lahari Recording Company,Full Length Songs
1221,1735389,Maathe Mahamaathe,Sri Gowri Ganesha,Devotional,Lahari Recording Company,Full Length Songs
1222,1735388,Sura Poojitha,Makkalinda Makkaligaagi Ganesha,Devotional,Lahari Recording Company,Full Length Songs
1223,1735384,Lambodharane Lakumikarane,Siri Gowri Vara Ganesha,Devotional,Lahari Recording Company,Full Length Songs
1224,1735383,Lambodharane,Gowri Ganesha Geethamala,Devotional,Lahari Recording Company,Full Length Songs
1225,1735379,Ganeshayana,Makkalinda Makkaligaagi Ganesha,Devotional,Lahari Recording Company,Full Length Songs
1226,1735378,Guruvu Neene,Sri Ganesh Bhakthi Geethegalu,Devotional,Lahari Recording Company,Full Length Songs
1227,1735370,Bennu Kaayo Benakange,Gowri Ganesha Geethamala,Devotional,Lahari Recording Company,Full Length Songs
1228,1735369,Madhuraaksharadha Naama,Sharanu Ganesh,Devotional,Lahari Recording Company,Full Length Songs
1229,1735367,Parvathi Suthane,Sri Gowri Ganesha,Devotional,Lahari Recording Company,Full Length Songs
1230,1735347,Lambodhara,Makkalinda Makkaligaagi Ganesha,Devotional,Lahari Recording Company,Full Length Songs
1231,1735345,Baalamunnedesu Baa,Sri Ganesh Bhakthi Geethegalu,Devotional,Lahari Recording Company,Full Length Songs
1232,1735344,Brahmaandadolagella,Sri Gowri Ganesha,Devotional,Lahari Recording Company,Full Length Songs
1233,1735340,Sri Ganesha,Sri Gowri Ganesha,Devotional,Lahari Recording Company,Full Length Songs
1234,1735338,Namipe Ganadipane,Sri Ganesh Bhakthi Geethegalu,Devotional,Lahari Recording Company,Full Length Songs
1235,1735337,Natarajane Olidhu,Sri Ganesh Bhakthi Geethegalu,Devotional,Lahari Recording Company,Full Length Songs
1236,1735336,Jayathu Paramesha,Siri Gowri Vara Ganesha,Devotional,Lahari Recording Company,Full Length Songs
1237,1735335,Parvathi Kandhane,Sharanu Ganesh,Devotional,Lahari Recording Company,Full Length Songs
1238,1735334,Anima Mahima,Sri Ganesh Bhakthi Geethegalu,Devotional,Lahari Recording Company,Full Length Songs
1239,1735333,Jayathu Jayahe,Sri Gowri Ganesha,Devotional,Lahari Recording Company,Full Length Songs
1240,1735332,Odi Baa Muddu Ganapa,Sharanu Ganesh,Devotional,Lahari Recording Company,Full Length Songs
1241,1735328,Bhakuthiya Sudheyaage,Sri Gowri Ganesha,Devotional,Lahari Recording Company,Full Length Songs
1242,1735327,Manukula,Siri Gowri Vara Ganesha,Devotional,Lahari Recording Company,Full Length Songs
1243,1735324,Thrijagavanditha Ganapa,Sri Gowri Ganesha,Devotional,Lahari Recording Company,Full Length Songs
1244,1735323,Sri Ganeshana,Sri Ganesh Bhakthi Geethegalu,Devotional,Lahari Recording Company,Full Length Songs
1245,1735322,Jaya Mangala,Sharanu Ganesh,Devotional,Lahari Recording Company,Full Length Songs
1246,1735319,Gajamukhadavanu,Gowri Ganesha Geethamala,Devotional,Lahari Recording Company,Full Length Songs
1247,1735318,Natarajana Damaru,Sri Ganesh Bhakthi Geethegalu,Devotional,Lahari Recording Company,Full Length Songs
1248,1735316,Bangalorige Thandanu,Sri Ganesh Bhakthi Geethegalu,Devotional,Lahari Recording Company,Full Length Songs
1249,1735311,Anugrahisu,Sharanu Ganesh,Devotional,Lahari Recording Company,Full Length Songs
1250,1735308,Kailasadhindha,Gowri Ganesha Geethamala,Devotional,Lahari Recording Company,Full Length Songs
1251,1735306,Suprabhatha,Sharanu Ganesh,Devotional,Lahari Recording Company,Full Length Songs
1252,1735305,Baala Ganesha,Makkalinda Makkaligaagi Ganesha,Devotional,Lahari Recording Company,Full Length Songs
1253,1735298,Jaya Ganesha,Sharanu Ganesh,Devotional,Lahari Recording Company,Full Length Songs
1254,1733187,Sri Ganesha Mahimalu,Ganesha Mahimalu,Devotional,Motion Pixels,Full Length Songs
1255,1733186,Om Vinayaka,Ganesha Mantram,Devotional,Motion Pixel,Full Length Songs
1256,1733185,Ade Kailasam Chudu,Ganesha Sri Ganesha,Devotional,Motion Pixel,Full Length Songs
1257,1733184,Adukuntu Padukuntu,Ganesha Sri Ganesha,Devotional,Motion Pixel,Full Length Songs
1258,1733183,Sarva Siddi Ganpathi,Ganesha Sri Ganesha,Devotional,Motion Pixel,Full Length Songs
1259,1733182,Jai Ganesha,Ganesha Sri Ganesha,Devotional,Motion Pixel,Full Length Songs
1260,1733181,Bhajana Chesukuntu,Ganesha Sri Ganesha,Devotional,Motion Pixel,Full Length Songs
1261,1733180,Kudumulu Undralu,Ganesha Sri Ganesha,Devotional,Motion Pixel,Full Length Songs
1262,1733179,Ganesha Saranam,Ganesha Sri Ganesha,Devotional,Motion Pixel,Full Length Songs
1263,1733178,Ra Ra Ganapayya,Ganesha Sri Ganesha,Devotional,Motion Pixel,Full Length Songs
1264,1732927,Ghal Ghal Endithu,Ganesh Banda,Devotional,Lahari Recording Company,Full Length Songs
1265,1732925,Suriva Maleya,Ganesh Banda,Devotional,Lahari Recording Company,Full Length Songs
1266,1732916,Jalakakandu Gowramma,Ganesh Banda,Devotional,Lahari Recording Company,Full Length Songs
1267,1732899,Ganapage Jai Enni,Ganesh Banda,Devotional,Lahari Recording Company,Full Length Songs
1268,1732894,Namisuve,Ganesha Shathanaamaavali And Geethes,Devotional,Lahari Recording Company,Full Length Songs
1269,1732892,Ambasutha Ninna,Ganesha Shathanaamaavali And Geethes,Devotional,Lahari Recording Company,Full Length Songs
1270,1732891,Namo Namo Vinayaka,Ganesh Banda,Devotional,Lahari Recording Company,Full Length Songs
1271,1732886,Ganesha Shathanaamavali And Vandipe,Ganesha Shathanaamaavali And Geethes,Devotional,Lahari Recording Company,Full Length Songs
1272,1732885,Karune Kanna Nee,Ganesh Banda,Devotional,Lahari Recording Company,Full Length Songs
1273,1732884,Parama Mangale,Ganesha Shathanaamaavali And Geethes,Devotional,Lahari Recording Company,Full Length Songs
1274,1732883,Suragana Nayaka,Ganesh Banda,Devotional,Lahari Recording Company,Full Length Songs
1275,1732882,Jaya Jaya,Ganesha Shathanaamaavali And Geethes,Devotional,Lahari Recording Company,Full Length Songs
1276,1732881,Sloka And Varagala,Ganesh Banda,Devotional,Lahari Recording Company,Full Length Songs
1277,1732880,Swarna Gowri,Ganesha Shathanaamaavali And Geethes,Devotional,Lahari Recording Company,Full Length Songs
1278,1711235,Shri Ganesh Sahastranaam-Jai Jai Jai Sab,Shri Ganesh Sahastranaam,Devotional,T-series,Full Length Songs
1279,1711231,Ganpati Ekdant Jhala Jhala,Shri Ganesh Vandana,Devotional,T-series,Full Length Songs
1280,1711228,Jhanki Ganehs Ji Ki Aayi Re,Jau Ganesh Ji Ka Pali Pali,Devotional,N.K Music And Studio Pvt. Ltd,Full Length Songs
1281,1711226,Vakratund Mahakai Surya Koti (Shlok),Shri Ganesh Vandana,Devotional,T-series,Full Length Songs
1282,1711225,Mangalmurti Vighanavinashak,Shri Ganesh Vandana,Devotional,T-series,Full Length Songs
1283,1707780,Shri Ganesh Mantra,Shri Ganesh Aradhna,Devotional,DRJ Records,Full Length Songs
1284,1707772,Shri Ganesh Aradhna,Shri Ganesh Aradhna,Devotional,DRJ Records,Full Length Songs
1285,1642937,Sloka And Varagala,Ganesh Banda,Devotional,Lahari Recording Company,Full Length Songs
1286,1273826,Sacho Ranat Bhanvar Darbaar,Jau Ganesh Ji Ka Pali Pali,Devotional,N.K Music And Studio Pvt. Ltd,Full Length Songs
1287,1273781,Unchi Dungari Pe Pali Pali Jaungi,Jau Ganesh Jik Pali Pali,Devotional,N.K Music And Studio Pvt. Ltd,Full Length Songs
1288,1273774,Ranat Bhanwar Mela Main Gharwali Ghumgi,Jau Ganesh Jik Pali Pali,Devotional,N.K Music And Studio Pvt. Ltd,Full Length Songs
1289,1273666,Pili Lugadi Odhar Nach Lebade,Jau Ganesh Ji Ka Pali Pali,Devotional,N.K Music And Studio Pvt. Ltd,Full Length Songs
1290,1273602,Lagyo Ranat Bhanwar Main (D.J),Jau Ganesh Ji Ka Pali Pali,Devotional,N.K Music And Studio Pvt. Ltd,Full Length Songs
1291,1273597,Manju Bhagi Bhagi Aagi,Jau Ganesh Jik Pali Pali,Devotional,N.K Music And Studio Pvt. Ltd,Full Length Songs
1292,1273592,Mele Javanga Mhari Gharwali,Jau Ganesh Ji Ka Pali Pali,Devotional,N.K Music And Studio Pvt. Ltd,Full Length Songs
1293,1273584,Ganesh Ji Ne Dokan Chala Ri,Jau Ganesh Ji Ka Pali Pali,Devotional,N.K Music And Studio Pvt. Ltd,Full Length Songs
1294,1273570,Ganeshji Thara Mela M Binadi,Jau Ganesh Jik Pali Pali,Devotional,N.K Music And Studio Pvt. Ltd,Full Length Songs
1295,1273563,Dosa Rod P Baithi Cha Mahari,Jau Ganesh Jik Pali Pali,Devotional,N.K Music And Studio Pvt. Ltd,Full Length Songs
1296,1273546,Jau Ganesh Ji k Pali Pali,Jau Ganesh Ji Ka Pali Pali,Devotional,N.K Music And Studio Pvt. Ltd,Full Length Songs
1297,1273545,Chum Chum Chumake Gajanand Ko Kilo,Jau Ganesh Ji Ka Pali Pali,Devotional,N.K Music And Studio Pvt. Ltd,Full Length Songs
1298,1273542,Mon Jabad Ganpat K,Jau Ganesh Jik Pali Pali,Devotional,N.K Music And Studio Pvt. Ltd,Full Length Songs
1299,1273540,Kali Raat Main Darshan Karane,Jau Ganesh Jik Pali Pali,Devotional,N.K Music And Studio Pvt. Ltd,Full Length Songs
1300,1273410,Beda Paar Lagadi Sund,Jau Ganesh Ji Ka Pali Pali,Devotional,N.K Music And Studio Pvt. Ltd,Full Length Songs
1301,1236572,Mudhakaratha Slokam,Sri Ganesha Keerthana Mala,Devotional,Think Music,Full Length Songs
1302,1236569,Sree Vignam,Sri Ganesha Keerthana Mala,Devotional,Think Music,Full Length Songs
1303,1236568,Jai Sumirath,Sri Ganesha Keerthana Mala,Devotional,Think Music,Full Length Songs
1304,1236567,Mooladhara,Sri Ganesha Keerthana Mala,Devotional,Think Music,Full Length Songs
1305,1236565,Gajananam Slokam,Sri Ganesha Keerthana Mala,Devotional,Think Music,Full Length Songs
1306,1236560,Prabho,Sri Ganesha Keerthana Mala,Devotional,Think Music,Full Length Songs
1307,1236557,Vakrathunda Slokam,Sri Ganesha Keerthana Mala,Devotional,Think Music,Full Length Songs
1308,1236556,Gnyana Vinayaganae,Sri Ganesha Keerthana Mala,Devotional,Think Music,Full Length Songs
1309,1236552,Ganesha Gayathri,Sri Ganesha Keerthana Mala,Devotional,Think Music,Full Length Songs
1310,1236547,Mooshika Slokam,Sri Ganesha Keerthana Mala,Devotional,Think Music,Full Length Songs
1311,1236544,Maha Ganapathim,Sri Ganesha Keerthana Mala,Devotional,Think Music,Full Length Songs
1312,1236543,Paalum Slokam,Sri Ganesha Keerthana Mala,Devotional,Think Music,Full Length Songs
1313,1236541,Bomma Bomma,Sri Ganesha Keerthana Mala,Devotional,Think Music,Full Length Songs
1314,1174803,Ganesh Mahamantra,Shri Ganeshay Namah,Devotional,T-series,Full Length Songs
1315,1096855,Lagyo Ranat Bhanwar Main (D.J),Ganesh Ji,Devotional,Mahar Cassettes,Full Length Songs
1316,1096793,Ganesh Ji Ne Dokan Tala Ri,Ganesh Ji,Devotional,Mahar Cassettes,Full Length Songs
1317,1096435,Mele Javanga Mhari Gharwali,Ganesh Ji,Devotional,Mahar Cassettes,Full Length Songs
1318,1086834,Ranat Bhanwar Mela Main Gharwali Ghumgi,Ganesh Ji,Devotional,Mahar Cassettes,Full Length Songs
1319,1086369,Ranat Bhanwar Main Chalu,Ganesh Ji,Devotional,Mahar Cassettes,Full Length Songs
1320,1086311,Chum Chum Chumake Gajanand Ko Kilo,Ganesh Ji,Devotional,Mahar Cassettes,Full Length Songs
1321,1086067,Manju Bhagi Bhagi Aagi,Ganesh Ji,Devotional,Mahar Cassettes,Full Length Songs
1322,1038272,Sukhkarta Dukhharta (Aarti),Ganesh Mantra,Devotional,T-series,Full Length Songs
1323,1038257,Mantra Pushpanjali (Ravindra Sathe),Ganesh Mantra,Devotional,T-series,Full Length Songs
1324,1038247,Ghalin Lotanagana,Ganesh Mantra,Devotional,T-series,Full Length Songs
1325,973765,Zoomle Re Zoomle Bappa (Passion Of Kolis),India Celebrates Ganesha,Devotional,T-series,Full Length Songs
1326,973764,Tum Mere Sartaj O Moraya (Lord Of The Universe),India Celebrates Ganesha,Devotional,T-series,Full Length Songs
1327,973750,Morya Re Bappa Morya Re (India Celebrates In Harmony),India Celebrates Ganesha,Devotional,T-series,Full Length Songs
1328,973725,Mharo Mann Laagyo Mann (Tribute From Gujrat),India Celebrates Ganesha,Devotional,T-series,Full Length Songs
1329,973637,Jab Jab Paoon Mein (Wild Maharastra Rejoices),India Celebrates Ganesha,Devotional,T-series,Full Length Songs
1330,973620,Jab Jab Paoon Mein (Sing Along),India Celebrates Ganesha,Devotional,T-series,Full Length Songs
1331,973594,Hey Dukhbhanjan Hey Gajanan (An Ode From Punjab),India Celebrates Ganesha,Devotional,T-series,Full Length Songs
1332,973567,Baaje Re Baaje Baaje (With Love From Rajasthan),India Celebrates Ganesha,Devotional,T-series,Full Length Songs
1333,973565,Celebration,India Celebrates Ganesha,Devotional,T-series,Full Length Songs
1334,963260,Pratham Samariye Ganpati Daata,Om Mangalam Ganeshay Mangalam,Devotional,T-series,Full Length Songs
1335,930034,Ganpati Bapana Vardane,Shree Ganesh Vandana,Devotional,T-series,Full Length Songs
1336,930026,Hey Sarpadhari,Shree Ganesh Vandana,Devotional,T-series,Full Length Songs
1337,930020,Vighna Badhan Harnar,Shree Ganesh Vandana,Devotional,T-series,Full Length Songs
1338,930014,Le Je Bhakto Sacha Manthi,Shree Ganesh Vandana,Devotional,T-series,Full Length Songs
1339,930005,Jay Jakar Gananath,Shree Ganesh Vandana,Devotional,T-series,Full Length Songs
1340,930003,Daya Karo Gannath,Shree Ganesh Vandana,Devotional,T-series,Full Length Songs
1341,882215,Shivagana Nayaka Ganaraya Tribhuvan,Sri Ganesha Amruthavani,Devotional,T-series,Full Length Songs
1342,873422,Saranam Saranam Ganapathi Deva,Jayaho Ganesha,Devotional,Media 6 (India) Pvt Ltd,Full Length Songs
1343,873391,Saranam Ganesha,Shri Ganesh Bhajans,Regional,Sri Matha Enterprises,Full Length Songs
1344,873364,Oho Ade Vachchenade,Jayaho Ganesha,Devotional,Media 6 (India) Pvt Ltd,Full Length Songs
1345,873360,Ayyavu Neeve,Jayaho Ganesha,Devotional,Media 6 (India) Pvt Ltd,Full Length Songs
1346,873357,Nee Nama Madhuraaksharam,Jayaho Ganesha,Devotional,Media 6 (India) Pvt Ltd,Full Length Songs
1347,873333,Saranayya Ganapathi,Jayaho Ganesha,Devotional,Media 6 (India) Pvt Ltd,Full Length Songs
1348,873329,Slokam,Shri Ganesh Bhajans,Regional,Sri Matha Enterprises,Full Length Songs
1349,873323,Kailasa Girulandu,Jayaho Ganesha,Devotional,Media 6 (India) Pvt Ltd,Full Length Songs
1350,873318,Aade Ganapathi,Jayaho Ganesha,Devotional,Media 6 (India) Pvt Ltd,Full Length Songs
1351,873308,Ganapathi Devara,Jayaho Ganesha,Devotional,Media 6 (India) Pvt Ltd,Full Length Songs
1352,873173,Ganraja Dayalo Mahan,Shri Ganesh Uttsav,Devotional,T-series,Full Length Songs
1353,872774,Jai Ganesh Jai Ganesh,Shri Ganesh Uttsav,Devotional,T-series,Full Length Songs
1354,872709,Jai Jai He Ganraja,Shri Ganesh Uttsav,Devotional,T-series,Full Length Songs
1355,872643,Char Bhujaon Wale,Shri Ganesh Uttsav,Devotional,T-series,Full Length Songs
1356,872616,Ganpati Ka Tyohar,Shri Ganesh Uttsav,Devotional,T-series,Full Length Songs
1357,872597,Angan Padhare Ganpati,Shri Ganesh Uttsav,Devotional,T-series,Full Length Songs
1358,872502,Ganpati Chho Gannayak,Ganesh Utsav,Devotional,T-series,Full Length Songs
1359,872498,Garva Gun Na Pati,Ganesh Utsav,Devotional,T-series,Full Length Songs
1360,872435,Maha Balvanta Ganeshdeva,Ganesh Deva,Devotional,T-series,Full Length Songs
1361,872416,Jay Ganpati Deva,Ganesh Deva,Devotional,T-series,Full Length Songs
1362,872413,Jay Ganpati Jay Gan Nayak Dhun,Ganesh Deva,Devotional,T-series,Full Length Songs
1363,872395,Pratham Samru Ganpatideva,Ganesh Deva,Devotional,T-series,Full Length Songs
1364,872392,Ganesh Deva Karu Tari Seva,Ganesh Deva,Devotional,T-series,Full Length Songs
1365,813520,Shubhavanella Tharuvalu,Shri Gowri Priya Ganesha Navarathna Malike,Kannad,T-series,Full Length Songs
1366,813511,Deva Rushi,Shri Gowri Priya Ganesha Navarathna Malike,Kannad,T-series,Full Length Songs
1367,813172,Divya Manohar,Sri Ganesha Namana,Kannad,T-series,Full Length Songs
1368,813103,Ganesha Gangala Odeya,Sri Ganesha Divya Darshana,Kannad,T-series,Full Length Songs
1369,813019,Ghalin Lotanagana,Ganesh Mantra And Aarti,Devotional,T-series,Full Length Songs
1370,792967,Ganapathiya Poojeya,Sri Ganesha Divya Darshana,Devotional,T-series,Full Length Songs
1371,791710,Shloka,Sri Ganesha Namana,Devotional,T-series,Full Length Songs
1372,790764,Shioka,Shri Gowri Priya Ganesha Navarathna Malike,Devotional,T-series,Full Length Songs
1373,790747,Nagayaghna Sootradhari,Shri Gowri Priya Ganesha Navarathna Malike,Kannad,T-series,Full Length Songs
1374,790736,Bhadrapada Bandithu,Shri Gowri Priya Ganesha Navarathna Malike,Devotional,T-series,Full Length Songs
1375,790732,Shloka,Jaya Jaya Ganesha,Devotional,T-series,Full Length Songs
1376,790731,Shri Gajamukhane,Shri Ganesha Bhakthi Kusumanjali,Devotional,T-series,Full Length Songs
1377,702703,Poo Mazhai Thoovi,Ganesha Geetham,Tamil,T-series,Full Length Songs
1378,702699,Unn Mugame,Ganesha Geetham,Tamil,T-series,Full Length Songs
1379,702696,Ullamenum,Ganesha Geetham,Tamil,T-series,Full Length Songs
1380,702694,Sankaran Nalmaganai,Ganesha Geetham,Tamil,T-series,Full Length Songs
1381,702693,Otrai Kombudaiya,Ganesha Geetham,Tamil,T-series,Full Length Songs
1382,702691,Velavanin,Ganesha Geetham,Tamil,T-series,Full Length Songs
1383,702690,Vinayaga,Ganesha Geetham,Tamil,T-series,Full Length Songs
1384,702689,Odi Varungal,Ganesha Geetham,Tamil,T-series,Full Length Songs
1385,702688,Gananadha,Ganesha Geetham,Tamil,T-series,Full Length Songs
1386,702687,Parellam,Ganesha Geetham,Tamil,T-series,Full Length Songs
1387,647524,Vidhanharta Sukhkarta,Omkaar Pradhan Roop Ganeshaache,Devotional,T-series,Full Length Songs
1388,647520,Paahu Gajanan,Omkaar Pradhan Roop Ganeshaache,Devotional,T-series,Full Length Songs
1389,647506,Omgan Ganpataye Namoh,Omkaar Pradhan Roop Ganeshaache,Devotional,T-series,Full Length Songs
1390,647503,Omkaar Pradhan Roop Ganshache,Omkaar Pradhan Roop Ganeshaache,Devotional,T-series,Full Length Songs
1391,647498,Tueyaan Kaantisam,Omkaar Pradhan Roop Ganeshaache,Devotional,T-series,Full Length Songs
1392,647348,Om Gajanana,Omkaar Pradhan Roop Ganeshaache,Devotional,T-series,Full Length Songs
1393,647347,Gori Aaela Sonyachcha Paauli,Omkaar Pradhan Roop Ganeshaache,Devotional,T-series,Full Length Songs
1394,647346,Haridayacha Taalavar Naache Ganeshu,Omkaar Pradhan Roop Ganeshaache,Devotional,T-series,Full Length Songs
1395,647342,Devashri Gajanana,Omkaar Pradhan Roop Ganeshaache,Devotional,T-series,Full Length Songs
1396,647341,Gandhipa Ho Utha Lavkaari,Omkaar Pradhan Roop Ganeshaache,Devotional,T-series,Full Length Songs
1397,647331,Bappa Morya Re,Omkaar Pradhan Roop Ganeshaache,Devotional,T-series,Full Length Songs
1398,647305,Chik Molyachi Maand,Omkaar Pradhan Roop Ganeshaache,Devotional,T-series,Full Length Songs
